id,first_name,last_name,email,gender,age,language
1,Ophelia,Claffey,oclaffey0@hostgator.com,Female,40,Macedonian
2,Marta,Brokenbrow,mbrokenbrow1@lulu.com,Female,23,Somali
3,Barney,Grenshields,bgrenshields2@ed.gov,Male,66,Thai
4,Doreen,Dono,ddono3@twitter.com,Female,44,Telugu
5,Robyn,Dyott,rdyott4@zdnet.com,Female,74,Ndebele
6,Tye,Brocklebank,tbrocklebank5@51.la,Male,74,Dzongkha
7,Sydney,Selborne,sselborne6@columbia.edu,Male,19,Kazakh
8,Garold,Moncey,gmoncey7@blogspot.com,Male,22,Indonesian
9,Agustin,Gillingham,agillingham8@devhub.com,Male,82,Tsonga
10,Jacinda,State,jstate9@nationalgeographic.com,Female,26,Dari
11,Reuven,Lange,rlangea@ucsd.edu,Male,72,Afrikaans
12,Valentijn,Kennefick,vkennefickb@prweb.com,Male,26,Portuguese
13,Denys,Barras,dbarrasc@cpanel.net,Male,80,Assamese
14,Sibylla,Vanyashkin,svanyashkind@icq.com,Female,72,English
15,Carrie,Byass,cbyasse@infoseek.co.jp,Female,47,Papiamento
16,Alex,Tanslie,atanslief@berkeley.edu,Male,19,Luxembourgish
17,Gilda,Volk,gvolkg@furl.net,Female,58,Kurdish
18,Lainey,Frift,lfrifth@cisco.com,Female,47,Pashto
19,Amil,Paulton,apaultoni@seesaa.net,Female,35,Malagasy
20,Elia,Lill,elillj@simplemachines.org,Male,72,Mongolian
21,Yolane,Woodroff,ywoodroffk@blog.com,Female,76,Bislama
22,Coretta,De Bruin,cdebruinl@nasa.gov,Female,60,Czech
23,Kienan,Feldon,kfeldonm@hexun.com,Male,72,Tsonga
24,Dory,Jachimiak,djachimiakn@amazonaws.com,Male,37,Georgian
25,Hector,Sweetland,hsweetlando@addthis.com,Male,16,Nepali
26,Liva,Digan,ldiganp@google.ru,Female,49,Somali
27,Jan,Welsby,jwelsbyq@behance.net,Female,32,Armenian
28,Adela,Leblanc,aleblancr@youku.com,Female,40,Gujarati
29,Brenna,Smye,bsmyes@parallels.com,Female,23,Kazakh
30,Tessie,Colliar,tcolliart@mozilla.com,Female,42,MƒÅori
31,Hewet,Jaquin,hjaquinu@blinklist.com,Male,49,Finnish
32,Kerianne,Meriguet,kmeriguetv@tmall.com,Female,33,Bislama
33,Carson,Domaschke,cdomaschkew@dot.gov,Male,44,Tamil
34,Dayna,Kearn,dkearnx@ebay.com,Female,64,Amharic
35,Des,MacGorrie,dmacgorriey@scribd.com,Male,54,Yiddish
36,Liva,Teek,lteekz@bigcartel.com,Female,22,Punjabi
37,Noemi,Ogles,nogles10@squidoo.com,Female,31,Kurdish
38,Antoni,Marty,amarty11@microsoft.com,Male,36,Punjabi
39,Bald,Heyburn,bheyburn12@networkadvertising.org,Male,15,English
40,Anabal,Pinyon,apinyon13@hp.com,Female,70,Khmer
41,Correy,Wadeling,cwadeling14@who.int,Male,18,Oriya
42,Francois,Jurs,fjurs15@ted.com,Male,25,Bislama
43,Noam,Heal,nheal16@yahoo.co.jp,Male,55,Irish Gaelic
44,Sheri,Gallyhaock,sgallyhaock17@umn.edu,Female,28,Icelandic
45,Avril,Aldrich,aaldrich18@cdc.gov,Female,21,Maltese
46,Prentiss,Carrabot,pcarrabot19@fema.gov,Male,55,Kyrgyz
47,Derick,Gillise,dgillise1a@spotify.com,Male,48,Albanian
48,Nedda,Hallett,nhallett1b@answers.com,Female,64,Lao
49,Bevvy,Lovewell,blovewell1c@ted.com,Female,24,Hungarian
50,Caye,Knevit,cknevit1d@list-manage.com,Female,22,Swahili
51,Tootsie,Shearn,tshearn1e@skype.com,Female,83,Dutch
52,Ronnie,Wicken,rwicken1f@cbsnews.com,Male,52,Greek
53,Murry,Hawkswood,mhawkswood1g@sohu.com,Male,24,Oriya
54,Guillermo,Pierro,gpierro1h@bandcamp.com,Male,63,Marathi
55,Cinda,Whapham,cwhapham1i@usda.gov,Female,76,Amharic
56,Shirleen,Billin,sbillin1j@hatena.ne.jp,Female,71,Dzongkha
57,Rogerio,Ferby,rferby1k@netscape.com,Male,31,Dutch
58,Waring,Gockeler,wgockeler1l@eepurl.com,Male,66,Thai
59,Cesya,Bulleyn,cbulleyn1m@ycombinator.com,Female,43,Arabic
60,Bartolomeo,Hasser,bhasser1n@google.de,Male,42,New Zealand Sign Language
61,Izzy,Creegan,icreegan1o@i2i.jp,Male,79,Lao
62,Aile,Bartram,abartram1p@unicef.org,Female,45,Bulgarian
63,Andra,Dimitrov,adimitrov1q@slideshare.net,Female,52,Kannada
64,Luigi,Massow,lmassow1r@booking.com,Male,52,West Frisian
65,Elliot,Hailes,ehailes1s@artisteer.com,Male,64,Portuguese
66,Ransom,Gosker,rgosker1t@slate.com,Male,41,Hebrew
67,Wilbur,Dibson,wdibson1u@hc360.com,Male,78,Oriya
68,Roderich,Albiston,ralbiston1v@devhub.com,Male,75,Azeri
69,Chaddie,Stillgoe,cstillgoe1w@sciencedirect.com,Male,70,Azeri
70,Eugen,Spaldin,espaldin1x@photobucket.com,Male,62,French
71,Art,Freeland,afreeland1y@cnn.com,Male,47,Yiddish
72,Gabie,Klampk,gklampk1z@java.com,Male,22,Telugu
73,Fara,Puden,fpuden20@wufoo.com,Female,33,Czech
74,Lise,Rappport,lrappport21@slashdot.org,Female,29,Tetum
75,Billy,Braker,bbraker22@japanpost.jp,Male,83,Azeri
76,Margalo,Kitchiner,mkitchiner23@java.com,Female,43,German
77,Wesley,Burtwhistle,wburtwhistle24@china.com.cn,Male,28,Bislama
78,Lucky,Rosenkranc,lrosenkranc25@hostgator.com,Female,62,Dzongkha
79,Carmelia,Ivell,civell26@japanpost.jp,Female,28,Oriya
80,Nertie,Quarles,nquarles27@latimes.com,Female,28,Tamil
81,Bonnie,Conklin,bconklin28@globo.com,Female,85,Czech
82,Garv,Sandars,gsandars29@msu.edu,Male,32,Zulu
83,Leif,Herety,lherety2a@macromedia.com,Male,58,Mongolian
84,Xena,Trenbey,xtrenbey2b@myspace.com,Female,32,Hebrew
85,Lester,Worsom,lworsom2c@apache.org,Male,20,Spanish
86,Henderson,Cron,hcron2d@hostgator.com,Male,63,Quechua
87,Yuri,Crenshaw,ycrenshaw2e@house.gov,Male,73,Tetum
88,Penelopa,Parmby,pparmby2f@flickr.com,Female,77,Indonesian
89,Em,Balsdone,ebalsdone2g@google.it,Female,85,Tetum
90,Claus,Toderi,ctoderi2h@ow.ly,Male,80,Kyrgyz
91,Annis,Daveridge,adaveridge2i@adobe.com,Female,61,Malay
92,Milicent,Warboy,mwarboy2j@1688.com,Female,72,Hindi
93,Caria,McCaughey,cmccaughey2k@noaa.gov,Female,22,Dutch
94,Wakefield,Quartly,wquartly2l@odnoklassniki.ru,Male,22,Swahili
95,Judith,Haliburton,jhaliburton2m@reddit.com,Female,19,Somali
96,Renaldo,Roke,rroke2n@yahoo.com,Male,30,Tetum
97,Caren,Mart,cmart2o@themeforest.net,Female,58,Malay
98,Anatole,Lackey,alackey2p@homestead.com,Male,43,Icelandic
99,Papageno,Perkins,pperkins2q@umich.edu,Male,64,Aymara
100,Vivi,Mellish,vmellish2r@intel.com,Female,20,Norwegian
101,Addi,Macquire,amacquire2s@so-net.ne.jp,Female,34,Korean
